image_name,time,place,temperature,humidity,sun_light,soil_moist,API_health,API_water,API_water_def,validation,temp_conf,humi_conf,light_conf,soil_conf,model_conf,final_tag,validatoin_soil
2025-07-16T00:00:14_h.jpg,2025-07-16T00:00:14,h,22.66633158896002,51.6537122049513,0.0,1.564027370478982,0.7549214363098145,0.2898,0.2598,yes,99.41,98.36,99.98,0.04,68.27,A
2025-07-16T08:16:57_Home.jpg,2025-07-16T08:16:57,Home,22.016549980675336,63.10093721328699,14396.0,0.0,0.8080883771181107,0.14,0.1271,yes,99.63,99.95,99.95,0.02,79.88,A
2025-07-16T08:18:59_Home.jpg,2025-07-16T08:18:59,Home,22.062309093395015,62.79159569826398,14396.0,0.0,0.985898251645267,0.0409,0.0278,yes,99.62,99.94,99.95,0.02,79.88,A
2025-07-16T08:20:07_Home.jpg,2025-07-16T08:20:07,Home,22.017566849506693,63.30989399555358,14396.0,0.0,0.27305465936660767,0.4802,0.2344,yes,99.63,99.95,99.95,0.02,79.88,A
2025-07-16T08:20:57_Home.jpg,2025-07-16T08:20:57,Home,22.021634325705236,63.41170133553739,14396.0,61.29032258064516,0.484483003616333,0.5152,0.3291,yes,99.63,99.95,99.95,100.0,99.88,A
2025-07-16T08:24:03_Home.jpg,2025-07-16T08:24:03,Home,22.088747702277033,62.609090702586215,14396.0,0.0,0.7977619618177414,0.1545,0.1176,yes,99.61,99.94,99.95,0.02,79.88,A
2025-07-16T08:24:58_Home.jpg,2025-07-16T08:24:58,Home,22.11823692958569,61.98697557637896,14396.0,0.0,0.9199834764003754,0.0623,0.0587,none,99.6,99.93,99.95,0.02,79.87,A
2025-07-16T08:26:05_Home.jpg,2025-07-16T08:26:05,Home,22.41007911946508,61.24225855584738,43798.0,28.836754643206245,0.4615975618362427,0.4227,0.3346,no,99.51,99.91,99.51,56.24,90.94,A
2025-07-16T08:57:19_Uni.jpg,2025-07-16T08:57:19,Uni,21.352537066413788,68.27759017722326,37942.0,0.0,0.3654279112815857,0.742,0.7271,yes,99.77,99.99,99.69,0.02,79.84,A
2025-07-16T08:58:14_Uni.jpg,2025-07-16T08:58:14,Uni,21.41761621439946,68.21115009996237,37942.0,0.0,0.42602890729904175,0.8637,0.7867,yes,99.75,99.99,99.69,0.02,79.83,A
2025-07-16T08:59:19_Uni.jpg,2025-07-16T08:59:19,Uni,21.564044469763758,68.58932776668215,37942.0,22.189638318670575,0.24550998210906982,0.8387,0.8317,yes,99.73,99.99,99.69,14.89,82.8,A
2025-07-16T09:00:13_Uni.jpg,2025-07-16T09:00:13,Uni,21.774535510747228,67.44872525637712,37942.0,0.0,0.6810563206672668,0.6927,0.5117,yes,99.69,99.99,99.69,0.02,79.82,A
2025-07-16T09:01:11_Uni.jpg,2025-07-16T09:01:11,Uni,22.43550095858518,64.58484268615373,37942.0,7.331378299120246,0.6498053967952728,0.3517,0.3144,yes,99.5,99.97,99.69,0.2,79.8,A
2025-07-16T09:03:55_Uni.jpg,2025-07-16T09:03:55,Uni,22.73852984030964,63.778393545439386,37942.0,0.0,0.7978295981884003,0.2778,0.2272,yes,99.38,99.96,99.69,0.02,79.73,A
2025-07-16T09:04:50_Uni.jpg,2025-07-16T09:04:50,Uni,22.929702953028027,63.96002659136258,37942.0,16.61779081133919,0.8616311103105545,0.1674,0.1579,yes,99.3,99.96,99.69,3.18,80.34,A
2025-07-16T09:05:35_Uni.jpg,2025-07-16T09:05:35,Uni,23.30899976452929,63.40777163099879,18910.0,11.925708699902245,0.4033759832382202,0.6592,0.55,yes,99.08,99.95,99.93,0.8,79.9,A
2025-07-16T09:06:26_Uni.jpg,2025-07-16T09:06:26,Uni,23.445262285444187,62.82383064893079,18910.0,0.0,0.7214376926422119,0.5779,0.3759,yes,98.99,99.94,99.93,0.02,79.72,A
2025-07-16T09:07:03_Uni.jpg,2025-07-16T09:07:03,Uni,23.4035699996748,62.419737934084694,18910.0,0.0,0.5483399033546448,0.4443,0.3615,yes,99.02,99.93,99.93,0.02,79.72,A
2025-07-16T09:07:43_Uni.jpg,2025-07-16T09:07:43,Uni,23.521528712764848,62.82653135087587,18910.0,0.0,0.8961893692612648,0.1623,0.0958,yes,98.94,99.94,99.93,0.02,79.7,A
2025-07-16T09:08:42_Uni.jpg,2025-07-16T09:08:42,Uni,23.728973728080746,62.58938828242744,18910.0,0.0,0.7646962702274323,0.2741,0.2693,yes,98.77,99.94,99.93,0.02,79.66,A
2025-07-16T09:09:36_Uni.jpg,2025-07-16T09:09:36,Uni,24.07268270890927,61.81830057342438,18910.0,7.429130009775179,0.8662895411252975,0.1295,0.1277,yes,98.45,99.92,99.93,0.21,79.61,A
2025-07-16T09:10:30_Uni.jpg,2025-07-16T09:10:30,Uni,23.947605025867233,61.84788053388543,18910.0,0.0,0.6014143526554108,0.3488,0.3313,yes,98.58,99.92,99.93,0.02,79.61,A
2025-07-16T09:11:03_Uni.jpg,2025-07-16T09:11:03,Uni,23.981162437761668,61.77952089144973,18910.0,21.700879765395896,0.3539872169494629,0.8052,0.6985,yes,98.54,99.92,99.93,13.13,82.22,A
2025-07-16T09:12:00_Uni.jpg,2025-07-16T09:12:00,Uni,23.702534630429,63.3421310052045,18910.0,90.3225806451613,0.790229931473732,0.5126,0.3695,yes,98.8,99.95,99.93,100.0,99.67,A
2025-07-16T09:13:08_Uni.jpg,2025-07-16T09:13:08,Uni,23.521528712881263,62.320160734255296,18910.0,0.0,0.6776282787322998,0.4347,0.4077,yes,98.94,99.93,99.93,0.02,79.7,A
2025-07-16T09:13:44_Uni.jpg,2025-07-16T09:13:44,Uni,23.395434922422282,62.71025311047033,18910.0,1.4662756598240492,0.8139874190092087,0.2573,0.2271,yes,99.03,99.94,99.93,0.03,79.73,A
2025-07-16T09:14:49_Uni.jpg,2025-07-16T09:14:49,Uni,23.537798892648425,63.31645284694913,18910.0,3.128054740957964,0.8157517462968826,0.2493,0.1845,yes,98.93,99.95,99.93,0.06,79.71,A
2025-07-16T09:15:40_Uni.jpg,2025-07-16T09:15:40,Uni,23.529663802473806,62.93463377403309,26962.0,8.308895405669602,0.839606910943985,0.2637,0.2552,yes,98.93,99.94,99.87,0.27,79.73,A
2025-07-16T09:16:57_Uni.jpg,2025-07-16T09:16:57,Uni,22.971395016502356,62.93383929409968,26962.0,33.431085043988276,0.856184259057045,0.4347,0.3522,yes,99.28,99.94,99.87,83.61,96.48,A
2025-07-16T09:17:53_Uni.jpg,2025-07-16T09:17:53,Uni,22.828015075065196,62.98259470396853,26962.0,13.97849462365592,0.4871646761894226,0.7506,0.4997,yes,99.34,99.94,99.87,1.47,80.07,A
2025-07-16T09:18:34_Uni.jpg,2025-07-16T09:18:34,Uni,22.681584736332297,62.9373993996669,26962.0,94.81915933528836,0.7649424523115158,0.356,0.3418,yes,99.41,99.94,99.87,100.0,99.79,A
2025-07-16T09:19:04_Uni.jpg,2025-07-16T09:19:04,Uni,23.88659158613882,61.801379645468295,26962.0,12.51221896383187,0.9509437493979931,0.1203,0.102,yes,98.63,99.92,99.87,0.95,79.79,A
2025-07-16T09:19:57_Uni.jpg,2025-07-16T09:19:57,Uni,23.301881579856854,62.43761745654653,26962.0,24.437927663734115,0.7764343768358231,0.5536,0.4317,yes,99.09,99.93,99.87,25.57,84.83,A
2025-07-16T09:20:31_Uni.jpg,2025-07-16T09:20:31,Uni,22.981563816050766,63.56700732516223,26962.0,4.789833822091879,0.5992943346500397,0.5653,0.4532,yes,99.27,99.95,99.87,0.09,79.78,A
2025-07-16T09:21:20_Uni.jpg,2025-07-16T09:21:20,Uni,22.576846516429214,64.89533847704396,26962.0,23.55816226783969,0.8618835061788559,0.3461,0.2634,yes,99.45,99.97,99.87,20.87,83.98,A
2025-07-16T09:21:59_Uni.jpg,2025-07-16T09:21:59,Uni,22.369404192169895,65.62714089341901,26962.0,28.250244379276637,0.881538562476635,0.2208,0.2199,yes,99.52,99.97,99.87,51.88,90.2,A
2025-07-16T09:22:56_Uni.jpg,2025-07-16T09:22:56,Uni,22.339914882206358,65.49303139866124,26962.0,27.272727272727263,0.6036399006843567,0.5493,0.5294,yes,99.53,99.97,99.87,44.57,88.74,A
2025-07-16T09:23:49_Uni.jpg,2025-07-16T09:23:49,Uni,22.286020649800776,67.26907256042306,26962.0,13.000977517106548,0.8988232538104057,0.1344,0.1196,yes,99.55,99.98,99.87,1.1,80.06,A
2025-07-16T09:24:35_Uni.jpg,2025-07-16T09:24:35,Uni,22.18840099280351,66.22842107837707,26962.0,56.304985337243394,0.8766144588589668,0.1514,0.1425,no,99.58,99.98,99.87,99.98,99.84,A
2025-07-16T09:25:14_Uni.jpg,2025-07-16T09:25:14,Uni,22.088747702917317,66.92520001426712,26962.0,51.12414467253177,0.6517677307128906,0.6754,0.6058,no,99.61,99.98,99.87,99.9,99.83,A
2025-07-16T09:26:06_Uni.jpg,2025-07-16T09:26:06,Uni,22.019600587984314,66.65533485442543,58438.0,19.06158357771261,0.8350139856338501,0.3983,0.3967,yes,99.63,99.98,98.46,6.41,80.65,A
2025-07-16T09:26:50_Uni.jpg,2025-07-16T09:26:50,Uni,21.903677603782853,67.34723773039198,58438.0,39.49169110459433,0.9199036136269569,0.1517,0.1432,no,99.66,99.98,98.46,96.92,98.76,A
2025-07-16T09:27:39_Uni.jpg,2025-07-16T09:27:39,Uni,21.800974034355022,67.6087491395569,58438.0,33.919843597262954,0.8311074674129486,0.3328,0.2233,no,99.68,99.99,98.46,85.52,96.48,A
2025-07-16T09:28:12_Uni.jpg,2025-07-16T09:28:12,Uni,21.7613162517373,67.61085017337523,58438.0,54.54545454545455,0.33398139476776123,0.8734,0.8178,no,99.69,99.99,98.46,99.97,99.38,A
2025-07-16T09:29:00_Uni.jpg,2025-07-16T09:29:00,Uni,21.743012665974675,67.46615630510694,58438.0,47.01857282502444,0.5285741984844208,0.6061,0.5614,no,99.69,99.99,98.46,99.67,99.32,A
2025-07-16T09:29:47_Uni.jpg,2025-07-16T09:29:47,Uni,21.757248787936987,67.32231737026544,58438.0,11.436950146627566,0.7911275029182434,0.4398,0.2318,yes,99.69,99.98,98.46,0.69,79.52,A
2025-07-16T09:30:46_Uni.jpg,2025-07-16T09:30:46,Uni,21.75521505632787,66.92334596921175,58438.0,23.55816226783969,0.6190690100193024,0.3089,0.2398,yes,99.69,99.98,98.46,20.87,83.55,A
2025-07-16T09:31:17_Uni.jpg,2025-07-16T09:31:17,Uni,21.705388640228193,67.84891051437839,58438.0,35.58162267839687,0.8646931350231171,0.3057,0.2957,yes,99.7,99.99,98.46,90.67,97.52,A
2025-07-16T12:06:44_Uni.jpg,2025-07-16T12:06:44,Uni,28.3,42.8,35258.0,1.564027370478982,0.4971490502357483,0.3826,0.2393,none,76.67,80.85,99.75,0.04,70.26,A
2025-07-16T12:08:04_Uni.jpg,2025-07-16T12:08:04,Uni,28.0,44.5,35258.0,10.654936461388075,0.15398937463760376,0.8712,0.842,yes,80.22,87.54,99.75,0.55,72.59,A
2025-07-16T12:09:20_Uni.jpg,2025-07-16T12:09:20,Uni,27.7,43.8,35258.0,3.030303030303031,0.03043043613433838,0.8307,0.6419,none,83.34,85.07,99.75,0.06,72.77,A
2025-07-16T12:09:53_Uni.jpg,2025-07-16T12:09:53,Uni,27.7,44.1,35258.0,3.5190615835777095,0.1482391357421875,0.6977,0.6673,yes,83.34,86.18,99.75,0.06,73.0,A
2025-07-16T12:10:48_Uni.jpg,2025-07-16T12:10:48,Uni,27.2,44.7,35258.0,49.853372434017594,0.273934006690979,0.6532,0.5583,no,87.65,88.18,99.75,99.86,94.43,A
2025-07-16T12:11:36_Uni.jpg,2025-07-16T12:11:36,Uni,27.0,45.8,35258.0,0.0,0.24874502420425415,0.6448,0.5982,yes,89.09,91.21,99.75,0.02,75.43,A
2025-07-16T12:12:44_Uni.jpg,2025-07-16T12:12:44,Uni,26.7,46.8,35258.0,13.97849462365592,0.09755939245223999,0.7535,0.6992,none,90.97,93.34,99.75,1.47,76.62,A
2025-07-16T12:13:20_Uni.jpg,2025-07-16T12:13:20,Uni,26.5,47.5,35258.0,57.57575757575758,0.20316249132156372,0.555,0.5268,none,92.06,94.53,99.75,99.99,96.83,A
2025-07-16T12:14:12_Uni.jpg,2025-07-16T12:14:12,Uni,26.7,47.4,35258.0,9.775171065493652,0.16652023792266846,0.6495,0.5375,yes,90.97,94.37,99.75,0.42,76.61,A
2025-07-16T12:14:46_Uni.jpg,2025-07-16T12:14:46,Uni,26.4,48.6,35258.0,68.03519061583577,0.3636676073074341,0.6893,0.5754,none,92.55,96.01,99.75,100.0,97.25,A
2025-07-16T12:15:42_Uni.jpg,2025-07-16T12:15:42,Uni,26.5,48.2,37332.0,90.02932551319648,0.28990113735198975,0.5409,0.5217,yes,92.06,95.52,99.71,100.0,97.02,A
2025-07-16T12:17:13_Uni.jpg,2025-07-16T12:17:13,Uni,26.5,47.4,37332.0,0.0,0.4339754581451416,0.4297,0.4024,none,92.06,94.37,99.71,0.02,76.79,A
2025-07-16T12:18:00_Uni.jpg,2025-07-16T12:18:00,Uni,26.7,47.5,37332.0,0.0,0.32139337062835693,0.5936,0.4863,none,90.97,94.53,99.71,0.02,76.55,A
2025-07-16T12:18:28_Uni.jpg,2025-07-16T12:18:28,Uni,26.5,47.8,37332.0,0.0,0.15114855766296387,0.5576,0.3967,none,92.06,94.98,99.71,0.02,76.91,A
2025-07-16T12:19:14_Uni.jpg,2025-07-16T12:19:14,Uni,26.4,47.8,37332.0,0.0,0.22718077898025513,0.6216,0.5751,none,92.55,94.98,99.71,0.02,77.04,A
2025-07-16T12:19:40_Uni.jpg,2025-07-16T12:19:40,Uni,26.5,47.6,37332.0,0.0,0.23014789819717407,0.6512,0.404,none,92.06,94.68,99.71,0.02,76.85,A
2025-07-16T12:20:21_Uni.jpg,2025-07-16T12:20:21,Uni,26.8,46.2,37332.0,0.0,0.11619746685028076,0.7845,0.5265,none,90.38,92.13,99.71,0.02,75.92,A
2025-07-16T12:20:51_Uni.jpg,2025-07-16T12:20:51,Uni,27.1,45.8,37332.0,0.0,0.10029047727584839,0.7536,0.6132,yes,88.39,91.21,99.71,0.02,75.24,A
2025-07-16T12:21:38_Uni.jpg,2025-07-16T12:21:38,Uni,27.8,45.0,37332.0,1.564027370478982,0.2348378300666809,0.5312,0.51,yes,82.35,89.09,99.71,0.04,73.31,A
2025-07-16T12:22:07_Uni.jpg,2025-07-16T12:22:07,Uni,28.8,41.9,37332.0,0.0,0.1917516589164734,0.5257,0.4931,yes,69.85,76.31,99.71,0.02,67.63,A
2025-07-16T14:07:31_Uni.jpg,2025-07-16T14:07:31,Uni,27.7,54.1,32330.0,0.0,0.6,0.5,0.5,yes,83.34,99.21,99.8,0.02,75.61,A
2025-07-16T14:08:14_Uni.jpg,2025-07-16T14:08:14,Uni,27.9,52.7,32330.0,0.0,0.6,0.5,0.5,yes,81.31,98.8,99.8,0.02,75.02,A
2025-07-16T14:08:53_Uni.jpg,2025-07-16T14:08:53,Uni,28.1,52.7,32330.0,12.02,0.2,0.8,0.8,yes,79.08,98.8,99.8,0.82,74.62,A
2025-07-16T14:09:22_Uni.jpg,2025-07-16T14:09:22,Uni,27.9,53.2,32330.0,0.0,0.8,0.5,0.4,yes,81.31,98.96,99.8,0.02,75.05,A
2025-07-16T14:10:05_Uni.jpg,2025-07-16T14:10:05,Uni,27.4,52.7,32330.0,4.11,0.7,0.4,0.4,yes,86.06,98.8,99.8,0.08,76.22,A
2025-07-16T14:10:39_Uni.jpg,2025-07-16T14:10:39,Uni,27.4,53.8,32330.0,0.0,0.8,0.2,0.2,yes,86.06,99.13,99.8,0.02,76.28,A
2025-07-16T14:12:34_Uni.jpg,2025-07-16T14:12:34,Uni,26.8,55.6,32330.0,0.0,0.831,0.255,0.233,yes,90.38,99.49,99.8,0.02,77.43,A
2025-07-16T14:13:04_Uni.jpg,2025-07-16T14:13:04,Uni,27.1,54.8,32330.0,4.89,0.385,0.604,0.574,yes,88.39,99.36,99.8,0.1,76.92,A
2025-07-16T14:13:52_Uni.jpg,2025-07-16T14:13:52,Uni,27.3,55.2,32330.0,0.0,0.914,0.083,0.075,yes,86.88,99.43,99.8,0.02,76.54,A
2025-07-16T14:14:18_Uni.jpg,2025-07-16T14:14:18,Uni,27.3,55.3,32330.0,0.0,0.528,0.469,0.397,yes,86.88,99.45,99.8,0.02,76.54,A
2025-07-16T14:15:16_Uni.jpg,2025-07-16T14:15:16,Uni,27.0,54.3,32330.0,17.6,0.715,0.745,0.578,yes,89.09,99.25,99.8,4.23,77.9,A
2025-07-16T14:16:02_Uni.jpg,2025-07-16T14:16:02,Uni,26.6,56.2,37942.0,1.96,0.286,0.84,0.748,yes,91.53,99.58,99.69,0.04,77.7,A
2025-07-16T14:16:49_Uni.jpg,2025-07-16T14:16:49,Uni,26.5,56.2,37942.0,22.87,0.181,0.789,0.789,yes,92.06,99.58,99.69,17.67,81.36,A
2025-07-16T14:17:11_Uni.jpg,2025-07-16T14:17:11,Uni,26.5,57.2,37942.0,17.89,0.533,0.594,0.405,yes,92.06,99.69,99.69,4.6,78.76,A
2025-07-16T14:17:47_Uni.jpg,2025-07-16T14:17:47,Uni,26.4,57.0,37942.0,16.81,0.815,0.366,0.316,yes,92.55,99.67,99.69,3.37,78.64,A
2025-07-16T14:18:17_Uni.jpg,2025-07-16T14:18:17,Uni,26.1,58.3,37942.0,11.73,0.769,0.409,0.342,yes,93.88,99.77,99.69,0.75,78.47,A
2025-07-16T14:18:56_Uni.jpg,2025-07-16T14:18:56,Uni,26.0,59.4,37942.0,23.46,0.849,0.358,0.196,yes,94.27,99.84,99.69,20.39,82.5,A
2025-07-16T14:21:21_Uni.jpg,2025-07-16T14:21:21,Uni,25.9,60.4,37942.0,39.0,0.677,0.518,0.46,yes,94.63,99.88,99.69,96.44,97.81,A
2025-07-16T14:21:53_Uni.jpg,2025-07-16T14:21:53,Uni,25.4,60.4,37942.0,0.0,0.951,0.175,0.124,yes,96.16,99.88,99.69,0.02,78.91,A
2025-07-16T14:22:48_Uni.jpg,2025-07-16T14:22:48,Uni,25.2,61.7,37942.0,0.0,0.436,0.527,0.497,yes,96.64,99.92,99.69,0.02,79.04,A
2025-07-17T12:00:14_Uni.jpg,2025-07-17T12:00:14,Uni,30.3,40.5,92232.0,0.0,0.241,0.811,0.791,none,44.77,67.92,81.54,0.02,53.32,A
2025-07-17T12:04:53_Uni.jpg,2025-07-17T12:04:53,Uni,31.7,34.0,92232.0,0.0,0.349,0.733,0.653,none,23.33,23.15,81.54,0.02,39.01,A
2025-07-17T12:05:34_Uni.jpg,2025-07-17T12:05:34,Uni,31.6,37.6,92232.0,0.0,0.542,0.601,0.547,none,24.6,47.0,81.54,0.02,44.09,A
2025-07-17T12:06:22_Uni.jpg,2025-07-17T12:06:22,Uni,31.2,40.2,92232.0,0.0,0.225,0.694,0.638,none,30.15,65.93,81.54,0.02,49.27,A
2025-07-17T12:07:16_Uni.jpg,2025-07-17T12:07:16,Uni,30.7,39.8,92232.0,0.0,0.634,0.741,0.622,none,37.99,63.18,81.54,0.02,50.68,A
2025-07-17T12:07:59_Uni.jpg,2025-07-17T12:07:59,Uni,30.2,38.2,92232.0,0.0,0.729,0.207,0.197,none,46.51,51.5,81.54,0.02,50.47,A
2025-07-17T12:09:20_Uni.jpg,2025-07-17T12:09:20,Uni,30.6,35.5,59658.0,0.0,0.702,0.454,0.41,none,39.65,32.08,98.31,0.02,50.74,A
2025-07-17T12:09:52_Uni.jpg,2025-07-17T12:09:52,Uni,30.1,36.7,59658.0,0.0,0.929,0.129,0.12,none,48.25,40.37,98.31,0.02,54.55,A
2025-07-17T12:10:40_Uni.jpg,2025-07-17T12:10:40,Uni,29.9,36.9,59658.0,0.0,0.771,0.251,0.237,none,51.75,41.82,98.31,0.02,55.71,A
2025-07-17T12:11:09_Uni.jpg,2025-07-17T12:11:09,Uni,29.5,37.9,59658.0,0.0,0.729,0.398,0.321,none,58.66,49.25,98.31,0.02,58.93,A
2025-07-17T12:11:52_Uni.jpg,2025-07-17T12:11:52,Uni,29.3,37.9,59658.0,0.0,0.063,0.806,0.791,none,62.01,49.25,98.31,0.02,59.76,A
2025-07-17T12:12:19_Uni.jpg,2025-07-17T12:12:19,Uni,29.2,39.5,59658.0,0.0,0.848,0.148,0.144,none,63.65,61.06,98.31,0.02,62.54,A
2025-07-17T12:14:07_Uni.jpg,2025-07-17T12:14:07,Uni,29.0,38.9,59658.0,0.0,0.508,0.367,0.316,none,66.82,56.71,98.31,0.02,62.46,A
2025-07-17T12:14:31_Uni.jpg,2025-07-17T12:14:31,Uni,28.8,39.1,59658.0,0.0,0.85,0.168,0.155,none,69.85,58.18,98.31,0.02,63.51,A
2025-07-17T12:15:26_Uni.jpg,2025-07-17T12:15:26,Uni,28.5,39.8,59658.0,0.0,0.622,0.439,0.334,none,74.08,63.18,98.31,0.02,65.57,A
2025-07-17T12:15:47_Uni.jpg,2025-07-17T12:15:47,Uni,28.5,40.0,59658.0,0.0,0.524,0.718,0.637,none,74.08,64.57,98.31,0.02,65.85,A
2025-07-17T12:16:38_Uni.jpg,2025-07-17T12:16:38,Uni,28.7,39.6,59658.0,0.0,0.693,0.226,0.191,none,71.3,61.77,98.31,0.02,64.59,A
2025-07-17T12:17:01_Uni.jpg,2025-07-17T12:17:01,Uni,28.9,39.2,59658.0,0.0,0.646,0.475,0.383,none,68.35,58.9,98.31,0.02,63.28,A
2025-07-17T12:17:42_Uni.jpg,2025-07-17T12:17:42,Uni,29.1,38.3,91744.0,0.0,0.805,0.157,0.131,none,65.25,52.25,82.12,0.02,55.51,A
2025-07-17T12:18:10_Uni.jpg,2025-07-17T12:18:10,Uni,29.4,39.1,91744.0,0.0,0.761,0.163,0.16,none,60.35,58.18,82.12,0.02,55.47,A
2025-07-17T12:18:35_Uni.jpg,2025-07-17T12:18:35,Uni,29.5,37.9,91744.0,0.0,0.788,0.222,0.214,none,58.66,49.25,82.12,0.02,53.26,A
2025-07-17T12:19:33_Uni.jpg,2025-07-17T12:19:33,Uni,29.8,34.8,91744.0,0.0,0.857,0.308,0.231,none,53.49,27.69,82.12,0.02,47.66,A
2025-07-17T12:19:55_Uni.jpg,2025-07-17T12:19:55,Uni,29.8,35.6,91744.0,0.0,0.394,0.803,0.755,none,53.49,32.74,82.12,0.02,48.67,A
2025-07-17T12:20:37_Uni.jpg,2025-07-17T12:20:37,Uni,29.9,37.6,91744.0,0.0,0.817,0.239,0.224,none,51.75,47.0,82.12,0.02,51.08,A
2025-07-17T12:21:05_Uni.jpg,2025-07-17T12:21:05,Uni,30.0,35.5,91744.0,0.0,0.443,0.641,0.631,none,50.0,32.08,82.12,0.02,47.66,A
2025-07-17T12:21:44_Uni.jpg,2025-07-17T12:21:44,Uni,30.2,37.4,91744.0,0.88,0.779,0.533,0.356,none,46.51,45.51,82.12,0.03,49.48,A
2025-07-17T12:22:53_Uni.jpg,2025-07-17T12:22:53,Uni,30.1,35.9,91744.0,0.0,0.981,0.093,0.078,none,48.25,34.75,82.12,0.02,47.76,A
2025-07-17T12:23:35_Uni.jpg,2025-07-17T12:23:35,Uni,30.1,37.4,91744.0,0.0,0.948,0.088,0.082,none,48.25,45.51,82.12,0.02,49.91,A
2025-07-17T12:24:03_Uni.jpg,2025-07-17T12:24:03,Uni,30.1,36.8,91744.0,0.0,0.538,0.505,0.439,none,48.25,41.1,82.12,0.02,49.03,A
2025-07-17T12:25:02_Uni.jpg,2025-07-17T12:25:02,Uni,30.2,37.8,91744.0,2.83,0.865,0.298,0.291,none,46.51,48.5,82.12,0.05,50.08,A
2025-07-17T12:25:55_Uni.jpg,2025-07-17T12:25:55,Uni,30.5,36.8,102480.0,11.63,0.791,0.345,0.318,none,41.34,41.1,66.27,0.73,41.9,A
2025-07-17T12:27:18_Uni.jpg,2025-07-17T12:27:18,Uni,30.9,35.5,102480.0,63.25,0.978,0.076,0.064,none,34.75,32.08,66.27,100.0,58.3,A
2025-07-17T12:28:12_Uni.jpg,2025-07-17T12:28:12,Uni,31.1,38.5,102480.0,0.0,0.84,0.106,0.084,none,31.65,53.74,66.27,0.02,41.86,A
2025-07-17T12:28:49_Uni.jpg,2025-07-17T12:28:49,Uni,31.0,35.9,102480.0,31.67,0.697,0.601,0.493,none,33.18,34.75,66.27,75.04,53.45,A
2025-07-17T12:29:24_Uni.jpg,2025-07-17T12:29:24,Uni,30.6,36.6,102480.0,0.0,0.955,0.094,0.086,none,39.65,39.65,66.27,0.02,41.04,A
2025-07-17T12:29:44_Uni.jpg,2025-07-17T12:29:44,Uni,30.5,35.4,102480.0,3.52,0.791,0.207,0.19,none,41.34,31.43,66.27,0.06,39.83,A
2025-07-17T12:30:17_Uni.jpg,2025-07-17T12:30:17,Uni,30.5,36.2,102480.0,13.0,0.915,0.167,0.163,none,41.34,36.82,66.27,1.1,41.11,A
2025-07-17T12:30:41_Uni.jpg,2025-07-17T12:30:41,Uni,30.6,36.2,102480.0,41.54,0.803,0.217,0.214,none,39.65,36.82,66.27,98.31,60.13,A
2025-07-17T12:31:19_Uni.jpg,2025-07-17T12:31:19,Uni,30.9,36.8,102480.0,35.48,0.682,0.422,0.393,none,34.75,41.1,66.27,90.41,58.18,A
2025-07-17T12:31:44_Uni.jpg,2025-07-17T12:31:44,Uni,30.8,36.6,102480.0,0.0,0.85,0.214,0.178,none,36.35,39.65,66.27,0.02,40.22,A
2025-07-17T12:32:20_Uni.jpg,2025-07-17T12:32:20,Uni,30.8,41.2,102480.0,0.0,0.411,0.255,0.254,none,36.35,72.31,66.27,0.02,46.75,A
2025-07-17T12:32:39_Uni.jpg,2025-07-17T12:32:39,Uni,31.0,40.8,102480.0,13.88,0.936,0.123,0.101,none,33.18,69.85,66.27,1.43,45.75,A
2025-07-17T12:37:57_Uni.jpg,2025-07-17T12:37:57,Uni,31.5,35.3,108946.0,0.0,0.37,0.484,0.43,none,25.92,30.79,54.1,0.02,31.58,A
2025-07-17T12:38:42_Uni.jpg,2025-07-17T12:38:42,Uni,31.2,34.5,108946.0,0.0,0.111,0.835,0.622,none,30.15,25.92,54.1,0.02,31.66,A
2025-07-17T12:39:12_Uni.jpg,2025-07-17T12:39:12,Uni,31.2,35.4,108946.0,0.0,0.131,0.593,0.492,none,30.15,31.43,54.1,0.02,32.76,A
2025-07-17T12:39:38_Uni.jpg,2025-07-17T12:39:38,Uni,31.1,36.4,108946.0,0.0,0.301,0.549,0.348,none,31.65,38.23,54.1,0.02,34.5,A
2025-07-17T12:40:10_Uni.jpg,2025-07-17T12:40:10,Uni,31.3,36.4,108946.0,46.43,0.055,0.86,0.655,none,28.7,38.23,54.1,99.6,53.68,A
2025-07-17T12:40:35_Uni.jpg,2025-07-17T12:40:35,Uni,31.5,34.9,108946.0,0.0,0.038,0.864,0.615,none,25.92,28.29,54.1,0.02,31.08,A
2025-07-17T23:34:13_Home.jpg,2025-07-17T23:34:13,Home,22.56,57.37,0.0,38.42,0.323,0.852,0.75,no,99.46,99.7,99.98,95.8,98.4,A
2025-07-17T23:53:31_Home.jpg,2025-07-17T23:53:31,Home,22.57,57.95,0.0,46.92,0.105,0.915,0.834,none,99.45,99.75,99.98,99.66,99.61,A
2025-07-18T08:39:19_Uni.jpg,2025-07-18T08:39:19,Uni,22.58,67.99,47702.0,47.31,0.133,0.906,0.836,no,99.45,99.99,99.33,99.7,99.57,A
2025-07-18T08:41:07_Uni.jpg,2025-07-18T08:41:07,Uni,22.96,68.46,47702.0,45.06,0.416,0.642,0.619,none,99.28,99.99,99.33,99.4,99.46,A
2025-07-18T08:41:35_Uni.jpg,2025-07-18T08:41:35,Uni,23.21,66.68,47702.0,45.85,0.389,0.616,0.539,no,99.14,99.98,99.33,99.53,99.45,A
2025-07-18T08:42:10_Uni.jpg,2025-07-18T08:42:10,Uni,23.25,64.77,47702.0,46.24,0.838,0.278,0.262,no,99.12,99.97,99.33,99.58,99.46,A
2025-07-18T08:42:35_Uni.jpg,2025-07-18T08:42:35,Uni,23.26,64.47,47702.0,39.78,0.412,0.688,0.67,no,99.11,99.96,99.33,97.16,98.97,A
2025-07-18T08:42:57_Uni.jpg,2025-07-18T08:42:57,Uni,23.24,65.2,47702.0,19.84,0.141,0.919,0.88,no,99.13,99.97,99.33,7.96,81.13,A
2025-07-18T08:43:48_Uni.jpg,2025-07-18T08:43:48,Uni,23.23,65.98,47702.0,38.12,0.487,0.76,0.635,no,99.13,99.98,99.33,95.42,98.63,A
2025-07-18T08:44:33_Uni.jpg,2025-07-18T08:44:33,Uni,23.59,65.45,47702.0,35.19,0.8,0.198,0.193,no,98.89,99.97,99.33,89.63,97.41,A
2025-07-18T08:45:07_Uni.jpg,2025-07-18T08:45:07,Uni,23.6,64.66,47702.0,46.33,0.714,0.504,0.453,no,98.88,99.97,99.33,99.59,99.4,A
2025-07-18T08:45:37_Uni.jpg,2025-07-18T08:45:37,Uni,23.52,64.43,49532.0,45.85,0.551,0.473,0.42,no,98.94,99.96,99.23,99.53,99.36,A
2025-07-18T08:46:15_Uni.jpg,2025-07-18T08:46:15,Uni,23.61,65.56,49532.0,49.95,0.496,0.657,0.617,no,98.87,99.97,99.23,99.86,99.41,A
2025-07-18T08:46:50_Uni.jpg,2025-07-18T08:46:50,Uni,23.62,63.7,49532.0,41.84,0.528,0.621,0.456,no,98.86,99.96,99.23,98.45,99.13,A
2025-07-18T08:47:49_Uni.jpg,2025-07-18T08:47:49,Uni,23.85,63.94,49532.0,38.71,0.576,0.55,0.494,no,98.67,99.96,99.23,96.13,98.62,A
2025-07-18T08:48:42_Uni.jpg,2025-07-18T08:48:42,Uni,23.93,64.33,49532.0,46.53,0.352,0.386,0.374,no,98.59,99.96,99.23,99.62,99.29,A
2025-07-18T08:49:14_Uni.jpg,2025-07-18T08:49:14,Uni,23.86,64.22,49532.0,26.2,0.844,0.334,0.323,no,98.66,99.96,99.23,36.82,86.75,A
2025-07-18T08:52:40_Uni.jpg,2025-07-18T08:52:40,Uni,23.76,63.46,49532.0,34.12,0.813,0.428,0.365,no,98.75,99.95,99.23,86.25,96.66,A
2025-07-18T08:53:06_Uni.jpg,2025-07-18T08:53:06,Uni,23.6,64.88,49532.0,42.03,0.728,0.305,0.265,no,98.88,99.97,99.23,98.54,99.15,A
2025-07-18T08:53:35_Uni.jpg,2025-07-18T08:53:35,Uni,23.86,64.87,49532.0,43.3,0.79,0.313,0.279,no,98.66,99.97,99.23,98.99,99.19,A
2025-07-18T08:54:30_Uni.jpg,2025-07-18T08:54:30,Uni,23.78,64.32,49532.0,41.45,0.372,0.859,0.78,no,98.73,99.96,99.23,98.26,99.06,A
2025-07-18T08:54:56_Uni.jpg,2025-07-18T08:54:56,Uni,23.99,64.99,49532.0,25.42,0.791,0.199,0.189,no,98.53,99.97,99.23,31.56,85.67,A
2025-07-18T08:55:23_Uni.jpg,2025-07-18T08:55:23,Uni,24.07,63.86,49532.0,37.34,0.661,0.315,0.219,no,98.45,99.96,99.23,94.28,98.19,A
2025-07-18T08:56:12_Uni.jpg,2025-07-18T08:56:12,Uni,24.05,64.24,49532.0,42.42,0.21,0.823,0.737,no,98.47,99.96,99.23,98.7,99.08,A
2025-07-18T08:56:35_Uni.jpg,2025-07-18T08:56:35,Uni,24.11,63.76,49532.0,63.44,0.95,0.138,0.134,no,98.41,99.96,99.23,100.0,99.32,A
2025-07-18T08:56:58_Uni.jpg,2025-07-18T08:56:58,Uni,24.38,64.54,49532.0,65.1,0.316,0.873,0.808,no,98.08,99.97,99.23,100.0,99.24,A
2025-07-18T08:57:44_Uni.jpg,2025-07-18T08:57:44,Uni,24.97,61.8,49532.0,36.56,0.575,0.319,0.313,no,97.13,99.92,99.23,92.88,97.57,A
2025-07-18T08:58:23_Uni.jpg,2025-07-18T08:58:23,Uni,25.09,62.63,49532.0,33.33,0.674,0.269,0.196,no,96.88,99.94,99.23,83.19,95.58,A
2025-07-18T08:58:50_Uni.jpg,2025-07-18T08:58:50,Uni,25.15,62.92,49532.0,30.5,0.675,0.356,0.348,no,96.75,99.94,99.23,67.92,92.49,A
2025-07-18T09:00:19_Uni.jpg,2025-07-18T09:00:19,Uni,25.43,60.55,55266.0,52.3,0.939,0.117,0.112,no,96.08,99.88,98.8,99.93,98.56,A
2025-07-18T09:01:04_Uni.jpg,2025-07-18T09:01:04,Uni,25.39,61.22,55266.0,59.43,0.865,0.264,0.251,no,96.18,99.91,98.8,99.99,98.6,A
2025-07-18T09:01:31_Uni.jpg,2025-07-18T09:01:31,Uni,25.38,60.88,55266.0,61.97,0.78,0.32,0.289,no,96.21,99.9,98.8,100.0,98.61,A
2025-07-18T09:02:12_Uni.jpg,2025-07-18T09:02:12,Uni,25.48,60.71,55266.0,42.91,0.543,0.264,0.218,no,95.95,99.89,98.8,98.87,98.32,A
2025-07-18T09:02:48_Uni.jpg,2025-07-18T09:02:48,Uni,25.68,60.47,55266.0,45.65,0.945,0.078,0.072,no,95.36,99.88,98.8,99.5,98.3,A
2025-07-18T09:03:14_Uni.jpg,2025-07-18T09:03:14,Uni,25.72,59.76,55266.0,39.98,0.795,0.313,0.266,no,95.24,99.85,98.8,97.32,97.82,A
2025-07-18T09:03:49_Uni.jpg,2025-07-18T09:03:49,Uni,25.73,59.27,55266.0,66.08,0.821,0.24,0.218,no,95.21,99.83,98.8,100.0,98.35,A
2025-07-18T09:04:23_Uni.jpg,2025-07-18T09:04:23,Uni,26.13,57.6,55266.0,63.05,0.851,0.375,0.229,no,93.76,99.72,98.8,100.0,97.96,A
2025-07-18T09:06:50_Uni.jpg,2025-07-18T09:06:50,Uni,26.43,55.1,55266.0,60.51,0.73,0.443,0.438,no,92.41,99.41,98.8,99.99,97.56,A
2025-07-18T09:07:22_Uni.jpg,2025-07-18T09:07:22,Uni,26.53,57.65,55266.0,32.26,0.623,0.467,0.405,no,91.9,99.73,98.8,78.21,93.14,A
2025-07-18T09:07:52_Uni.jpg,2025-07-18T09:07:52,Uni,26.56,57.59,52216.0,48.0,0.698,0.292,0.265,no,91.74,99.72,99.05,99.75,97.5,A
2025-07-18T09:08:20_Uni.jpg,2025-07-18T09:08:20,Uni,26.5,55.64,52216.0,71.26,0.747,0.363,0.349,no,92.06,99.5,99.05,100.0,97.58,A
2025-07-18T09:08:52_Uni.jpg,2025-07-18T09:08:52,Uni,26.56,55.71,52216.0,70.97,0.82,0.335,0.242,no,91.74,99.51,99.05,100.0,97.5,A
2025-07-18T09:09:57_Uni.jpg,2025-07-18T09:09:57,Uni,27.34,54.31,52216.0,48.39,0.171,0.617,0.531,no,86.55,99.26,99.05,99.78,96.11,A
2025-07-18T09:11:35_Uni.jpg,2025-07-18T09:11:35,Uni,27.67,51.45,52216.0,54.74,0.077,0.691,0.664,no,83.63,98.26,99.05,99.97,95.22,A
2025-07-18T09:12:27_Uni.jpg,2025-07-18T09:12:27,Uni,27.91,51.43,52216.0,57.48,0.466,0.562,0.559,no,81.2,98.25,99.05,99.99,94.62,A
2025-07-18T09:13:15_Uni.jpg,2025-07-18T09:13:15,Uni,27.86,51.6,52216.0,29.62,0.109,0.712,0.547,no,81.73,98.34,99.05,61.92,87.15,A
2025-07-18T09:13:40_Uni.jpg,2025-07-18T09:13:40,Uni,27.4,52.76,52216.0,53.67,0.482,0.411,0.278,no,86.06,98.82,99.05,99.95,95.94,A
2025-07-18T09:14:04_Uni.jpg,2025-07-18T09:14:04,Uni,27.05,54.49,52216.0,61.68,0.138,0.662,0.425,no,88.75,99.29,99.05,100.0,96.71,A
2025-07-18T09:14:50_Uni.jpg,2025-07-18T09:14:50,Uni,26.53,54.72,52216.0,57.97,0.195,0.901,0.868,no,91.9,99.34,99.05,99.99,97.51,A
2025-07-18T09:15:25_Uni.jpg,2025-07-18T09:15:25,Uni,26.36,55.97,52216.0,59.92,0.356,0.514,0.427,no,92.74,99.55,99.05,99.99,97.76,A
2025-07-18T09:22:36_Uni.jpg,2025-07-18T09:22:36,Uni,25.56,56.78,62708.0,42.13,0.064,0.415,0.406,none,95.72,99.64,97.85,98.58,97.82,A
2025-07-18T09:23:23_Uni.jpg,2025-07-18T09:23:23,Uni,25.97,56.86,62708.0,51.42,0.464,0.377,0.322,no,94.38,99.65,97.85,99.91,97.75,A
2025-07-18T09:24:07_Uni.jpg,2025-07-18T09:24:07,Uni,26.65,55.09,62708.0,68.91,0.43,0.584,0.534,no,91.25,99.41,97.85,100.0,96.94,A
2025-07-18T09:24:32_Uni.jpg,2025-07-18T09:24:32,Uni,26.48,55.81,62708.0,55.13,0.209,0.372,0.369,no,92.16,99.52,97.85,99.97,97.19,A
2025-07-18T09:28:55_Uni.jpg,2025-07-18T09:28:55,Uni,25.38,57.6,62220.0,62.07,0.534,0.338,0.266,no,96.21,99.72,97.93,100.0,98.27,A
2025-07-18T09:30:32_Uni.jpg,2025-07-18T09:30:32,Uni,26.15,54.9,62220.0,48.09,0.274,0.617,0.525,no,93.67,99.38,97.93,99.76,97.52,A
2025-07-18T09:31:09_Uni.jpg,2025-07-18T09:31:09,Uni,25.89,55.43,62220.0,49.46,0.097,0.779,0.747,no,94.67,99.47,97.93,99.84,97.8,A
2025-07-18T09:31:51_Uni.jpg,2025-07-18T09:31:51,Uni,25.86,56.49,62220.0,46.33,0.43,0.428,0.346,no,94.77,99.61,97.93,99.59,97.81,A
2025-07-18T09:32:36_Uni.jpg,2025-07-18T09:32:36,Uni,26.6,56.27,62220.0,42.52,0.167,0.66,0.612,no,91.53,99.59,97.93,98.73,96.82,A
2025-07-18T09:33:00_Uni.jpg,2025-07-18T09:33:00,Uni,26.67,54.81,62220.0,46.24,0.352,0.401,0.388,no,91.14,99.36,97.93,99.58,96.85,A
2025-07-18T09:33:39_Uni.jpg,2025-07-18T09:33:39,Uni,26.76,53.73,62220.0,38.51,0.239,0.515,0.418,no,90.62,99.12,97.93,95.9,95.93,A
2025-07-18T09:34:07_Uni.jpg,2025-07-18T09:34:07,Uni,26.85,54.26,62220.0,43.01,0.288,0.551,0.535,no,90.07,99.24,97.93,98.9,96.42,A
2025-07-18T09:34:45_Uni.jpg,2025-07-18T09:34:45,Uni,26.84,53.63,62220.0,5.38,0.446,0.515,0.452,no,90.13,99.09,97.93,0.11,76.65,A
2025-07-18T09:35:47_Uni.jpg,2025-07-18T09:35:47,Uni,26.84,54.27,57462.0,50.34,0.801,0.222,0.097,no,90.13,99.25,98.57,99.88,96.86,A
2025-07-18T09:36:11_Uni.jpg,2025-07-18T09:36:11,Uni,27.11,54.33,57462.0,48.58,0.213,0.679,0.481,no,88.32,99.26,98.57,99.79,96.39,A
2025-07-18T09:36:59_Uni.jpg,2025-07-18T09:36:59,Uni,27.23,54.08,57462.0,59.82,0.069,0.728,0.666,no,87.42,99.2,98.57,99.99,96.19,A
2025-07-18T09:37:29_Uni.jpg,2025-07-18T09:37:29,Uni,26.83,53.45,57462.0,41.84,0.356,0.399,0.388,no,90.19,99.04,98.57,98.45,96.54,A
2025-07-18T09:38:25_Uni.jpg,2025-07-18T09:38:25,Uni,26.07,54.24,57462.0,37.15,0.193,0.436,0.347,no,94.0,99.24,98.57,93.96,96.64,A
2025-07-18T09:39:06_Uni.jpg,2025-07-18T09:39:06,Uni,25.61,55.69,57462.0,42.33,0.246,0.333,0.32,no,95.58,99.51,98.57,98.66,98.03,A
2025-07-18T09:39:31_Uni.jpg,2025-07-18T09:39:31,Uni,25.58,60.19,57462.0,44.67,0.312,0.651,0.512,no,95.66,99.87,98.57,99.33,98.25,A
2025-07-18T09:40:11_Uni.jpg,2025-07-18T09:40:11,Uni,26.21,58.12,57462.0,40.96,0.221,0.516,0.489,no,93.42,99.76,98.57,97.99,97.4,A
2025-07-18T09:40:47_Uni.jpg,2025-07-18T09:40:47,Uni,26.39,53.95,57462.0,41.15,0.473,0.505,0.426,no,92.6,99.17,98.57,98.1,97.1,A
2025-07-18T09:41:21_Uni.jpg,2025-07-18T09:41:21,Uni,26.29,54.23,57462.0,46.43,0.149,0.743,0.703,no,93.07,99.24,98.57,99.6,97.54,A
2025-07-18T12:22:36_Uni.jpg,2025-07-18T12:22:36,Uni,31.3,37.51,77226.0,28.54,0.582,0.656,0.585,no,28.7,46.33,93.53,54.04,59.98,A
2025-07-18T12:23:20_Uni.jpg,2025-07-18T12:23:20,Uni,31.44,37.36,77226.0,25.9,0.581,0.603,0.541,no,26.74,45.21,93.53,34.75,55.41,A
2025-07-18T12:23:57_Uni.jpg,2025-07-18T12:23:57,Uni,31.46,36.67,77226.0,39.49,0.411,0.64,0.579,no,26.46,40.16,93.53,96.91,66.76,A
2025-07-18T12:24:42_Uni.jpg,2025-07-18T12:24:42,Uni,31.54,37.97,77226.0,42.91,0.895,0.226,0.141,no,25.39,49.78,93.53,98.87,68.81,A
2025-07-18T12:25:19_Uni.jpg,2025-07-18T12:25:19,Uni,31.8,35.67,77226.0,35.09,0.259,0.83,0.826,no,22.1,33.2,93.53,89.35,62.77,A
2025-07-18T12:25:45_Uni.jpg,2025-07-18T12:25:45,Uni,31.6,38.98,92598.0,31.38,0.476,0.665,0.639,no,24.6,57.3,81.1,73.38,60.67,A
2025-07-18T12:26:37_Uni.jpg,2025-07-18T12:26:37,Uni,31.95,39.06,92598.0,21.8,0.405,0.643,0.641,no,20.34,57.88,81.1,13.47,47.74,A
2025-07-18T12:27:05_Uni.jpg,2025-07-18T12:27:05,Uni,31.69,38.98,92598.0,29.62,0.867,0.126,0.124,no,23.45,57.3,81.1,61.92,58.09,A
2025-07-18T12:27:39_Uni.jpg,2025-07-18T12:27:39,Uni,31.62,39.98,92598.0,43.99,0.882,0.237,0.202,no,24.34,64.43,81.1,99.18,67.19,A
2025-07-18T12:28:14_Uni.jpg,2025-07-18T12:28:14,Uni,31.82,40.73,92598.0,33.24,0.97,0.072,0.069,no,21.86,69.4,81.1,82.81,64.29,A
2025-07-18T12:28:40_Uni.jpg,2025-07-18T12:28:40,Uni,32.17,38.25,92598.0,45.45,0.792,0.321,0.271,no,17.96,51.87,81.1,99.47,63.14,A
2025-07-18T12:29:12_Uni.jpg,2025-07-18T12:29:12,Uni,32.23,39.28,92598.0,54.84,0.872,0.329,0.206,no,17.35,59.48,81.1,99.97,64.61,A
2025-07-18T12:29:49_Uni.jpg,2025-07-18T12:29:49,Uni,32.36,40.66,92598.0,20.63,0.89,0.112,0.109,no,16.08,68.95,81.1,9.88,48.17,A
2025-07-18T12:30:20_Uni.jpg,2025-07-18T12:30:20,Uni,32.23,39.47,92598.0,39.69,0.648,0.436,0.374,no,17.35,60.85,81.1,97.09,64.31,A
2025-07-18T12:30:46_Uni.jpg,2025-07-18T12:30:46,Uni,32.17,44.56,92598.0,24.05,0.675,0.499,0.376,no,17.96,87.74,81.1,23.42,55.11,A
2025-07-18T12:32:37_Uni.jpg,2025-07-18T12:32:37,Uni,33.82,35.22,92598.0,25.61,0.929,0.175,0.173,no,6.45,30.28,81.1,32.81,42.62,A
2025-07-18T12:33:09_Uni.jpg,2025-07-18T12:33:09,Uni,33.21,38.32,92598.0,25.61,0.942,0.098,0.091,no,9.56,52.4,81.1,32.81,47.82,A
2025-07-18T12:33:35_Uni.jpg,2025-07-18T12:33:35,Uni,33.42,36.45,92598.0,36.75,0.905,0.188,0.169,no,8.36,38.58,81.1,93.25,56.84,A
2025-07-18T12:35:03_Uni.jpg,2025-07-18T12:35:03,Uni,33.56,39.75,92598.0,32.55,0.218,0.857,0.78,no,7.64,62.83,81.1,79.66,58.79,A
2025-07-18T12:35:22_Uni.jpg,2025-07-18T12:35:22,Uni,33.3,42.06,92598.0,17.4,0.936,0.114,0.089,no,9.03,77.17,81.1,3.99,46.87,A
2025-07-18T12:35:42_Uni.jpg,2025-07-18T12:35:42,Uni,33.04,39.03,102358.0,31.38,0.496,0.543,0.524,no,10.64,57.66,66.49,73.38,52.14,A
2025-07-18T12:36:29_Uni.jpg,2025-07-18T12:36:29,Uni,33.2,37.33,102358.0,30.4,0.9,0.23,0.137,no,9.62,44.99,66.49,67.26,48.13,A
2025-07-18T12:37:00_Uni.jpg,2025-07-18T12:37:00,Uni,33.46,32.94,102358.0,63.54,0.966,0.094,0.072,no,8.15,17.98,66.49,100.0,48.9,A
2025-07-18T12:37:26_Uni.jpg,2025-07-18T12:37:26,Uni,33.04,34.45,102358.0,56.3,0.627,0.608,0.513,no,10.64,25.64,66.49,99.98,51.06,A
2025-07-18T12:41:26_Uni.jpg,2025-07-18T12:41:26,Uni,31.16,43.06,102358.0,53.08,0.69,0.426,0.419,no,30.75,82.02,66.49,99.95,67.35,A
2025-07-18T12:41:57_Uni.jpg,2025-07-18T12:41:57,Uni,31.62,44.05,102358.0,36.46,0.827,0.171,0.146,no,24.34,86.0,66.49,92.68,65.09,A
2025-07-18T12:42:22_Uni.jpg,2025-07-18T12:42:22,Uni,31.91,43.75,102358.0,25.12,0.437,0.677,0.582,no,20.8,84.88,66.49,29.65,51.38,A
2025-07-18T12:42:51_Uni.jpg,2025-07-18T12:42:51,Uni,32.56,38.9,102358.0,0.0,0.94,0.286,0.246,no,14.28,56.71,66.49,0.02,38.19,A
2025-07-18T12:43:21_Uni.jpg,2025-07-18T12:43:21,Uni,32.7,38.64,102358.0,20.43,0.851,0.275,0.214,no,13.12,54.79,66.49,9.36,39.38,A
2025-07-18T12:43:45_Uni.jpg,2025-07-18T12:43:45,Uni,33.01,36.21,102358.0,55.82,0.897,0.185,0.149,no,10.84,36.89,66.49,99.98,53.36,A
2025-07-18T12:44:14_Uni.jpg,2025-07-18T12:44:14,Uni,33.21,33.74,102358.0,59.63,0.853,0.223,0.213,no,9.56,21.79,66.49,99.99,50.02,A
2025-07-18T12:44:54_Uni.jpg,2025-07-18T12:44:54,Uni,33.28,37.01,102358.0,25.12,0.624,0.348,0.281,no,9.15,42.63,66.49,29.65,40.02,A
2025-07-18T12:45:12_Uni.jpg,2025-07-18T12:45:12,Uni,33.27,38.84,102358.0,18.18,0.914,0.145,0.104,no,9.2,56.27,66.49,4.99,37.82,A
2025-07-18T12:45:45_Uni.jpg,2025-07-18T12:45:45,Uni,33.08,38.24,100406.0,33.53,0.834,0.156,0.146,no,10.38,51.8,69.83,84.01,54.2,A
2025-07-18T12:47:28_Uni.jpg,2025-07-18T12:47:28,Uni,34.33,35.54,100406.0,73.22,0.926,0.18,0.158,no,4.6,32.34,69.83,100.0,52.06,A
2025-07-18T12:47:49_Uni.jpg,2025-07-18T12:47:49,Uni,34.21,38.73,100406.0,67.16,0.416,0.735,0.722,no,4.99,55.45,69.83,100.0,56.78,A
2025-07-18T12:48:15_Uni.jpg,2025-07-18T12:48:15,Uni,34.14,36.78,100406.0,55.23,0.948,0.244,0.164,no,5.23,40.95,69.83,99.97,53.93,A
2025-07-18T12:48:47_Uni.jpg,2025-07-18T12:48:47,Uni,34.22,37.1,100406.0,26.69,0.946,0.069,0.06,no,4.95,43.29,69.83,40.3,42.4,A
2025-07-18T12:49:08_Uni.jpg,2025-07-18T12:49:08,Uni,33.95,39.03,100406.0,36.07,0.74,0.337,0.311,no,5.92,57.66,69.83,91.84,55.82,A
2025-07-18T12:49:35_Uni.jpg,2025-07-18T12:49:35,Uni,33.76,39.99,100406.0,59.24,0.791,0.269,0.244,no,6.71,64.5,69.83,99.99,59.02,A
2025-07-18T12:50:01_Uni.jpg,2025-07-18T12:50:01,Uni,33.82,37.34,100406.0,63.25,0.9,0.183,0.139,no,6.45,45.07,69.83,100.0,55.07,A
2025-07-19T09:06:56_Uni.jpg,2025-07-19T09:06:56,Uni,28.35,48.23,55876.0,11.63,0.045,0.905,0.859,yes,76.04,95.56,98.74,0.73,72.83,A
2025-07-19T09:07:42_Uni.jpg,2025-07-19T09:07:42,Uni,28.11,49.13,55876.0,0.0,0.433,0.766,0.762,yes,78.97,96.57,98.74,0.02,73.62,A
2025-07-19T09:08:33_Uni.jpg,2025-07-19T09:08:33,Uni,28.26,49.37,55876.0,0.59,0.503,0.384,0.356,yes,77.17,96.8,98.74,0.03,73.22,A
2025-07-19T09:09:21_Uni.jpg,2025-07-19T09:09:21,Uni,28.02,49.58,55876.0,13.88,0.862,0.297,0.231,yes,80.0,96.99,98.74,1.43,74.24,A
2025-07-19T09:09:57_Uni.jpg,2025-07-19T09:09:57,Uni,28.85,46.7,55876.0,8.6,0.413,0.612,0.525,yes,69.1,93.15,98.74,0.3,70.52,A
2025-07-19T09:10:24_Uni.jpg,2025-07-19T09:10:24,Uni,28.57,47.35,55876.0,6.45,0.382,0.853,0.846,yes,73.13,94.29,98.74,0.16,71.73,A
2025-07-19T09:11:05_Uni.jpg,2025-07-19T09:11:05,Uni,28.34,50.67,55876.0,0.0,0.508,0.583,0.509,yes,76.17,97.81,98.74,0.02,73.17,A
2025-07-19T09:11:34_Uni.jpg,2025-07-19T09:11:34,Uni,28.41,49.82,55876.0,4.11,0.87,0.179,0.146,yes,75.27,97.2,98.74,0.08,72.83,A
2025-07-19T09:12:09_Uni.jpg,2025-07-19T09:12:09,Uni,28.37,50.77,55876.0,16.52,0.973,0.081,0.081,none,75.79,97.88,98.74,3.09,73.7,A
2025-07-19T09:12:42_Uni.jpg,2025-07-19T09:12:42,Uni,28.19,49.64,55876.0,22.78,0.629,0.28,0.273,yes,78.02,97.05,98.74,17.28,76.93,A
2025-07-19T09:13:11_Uni.jpg,2025-07-19T09:13:11,Uni,28.13,49.44,55876.0,34.21,0.381,0.81,0.784,no,78.73,96.87,98.74,86.56,90.93,A
2025-07-19T09:13:57_Uni.jpg,2025-07-19T09:13:57,Uni,27.92,49.54,55876.0,31.18,0.588,0.364,0.284,no,81.09,96.96,98.74,72.19,88.66,A
2025-07-19T09:15:25_Uni.jpg,2025-07-19T09:15:25,Uni,28.29,49.39,55876.0,0.0,0.6,0.334,0.295,yes,76.8,96.82,98.74,0.02,73.13,A
2025-07-19T09:15:47_Uni.jpg,2025-07-19T09:15:47,Uni,28.51,49.36,51850.0,0.0,0.75,0.279,0.218,yes,73.94,96.8,99.08,0.02,72.53,A
2025-07-19T09:16:25_Uni.jpg,2025-07-19T09:16:25,Uni,28.23,49.77,51850.0,6.65,0.742,0.343,0.335,yes,77.54,97.16,99.08,0.17,73.53,A
2025-07-19T09:17:39_Uni.jpg,2025-07-19T09:17:39,Uni,29.07,49.99,51850.0,7.82,0.864,0.537,0.331,yes,65.72,97.33,99.08,0.23,70.62,A
2025-07-19T09:18:08_Uni.jpg,2025-07-19T09:18:08,Uni,28.62,48.84,51850.0,7.43,0.668,0.326,0.321,yes,72.43,96.27,99.08,0.21,72.08,A
2025-07-19T09:18:56_Uni.jpg,2025-07-19T09:18:56,Uni,28.34,48.93,51850.0,0.0,0.879,0.146,0.132,yes,76.17,96.37,99.08,0.02,73.0,A
2025-07-19T09:19:48_Uni.jpg,2025-07-19T09:19:48,Uni,28.15,50.52,51850.0,0.0,0.138,0.721,0.484,yes,78.5,97.72,99.08,0.02,73.85,A
2025-07-19T09:20:13_Uni.jpg,2025-07-19T09:20:13,Uni,28.15,51.47,51850.0,0.0,0.901,0.127,0.089,yes,78.5,98.27,99.08,0.02,73.96,A
2025-07-19T09:20:40_Uni.jpg,2025-07-19T09:20:40,Uni,28.21,51.92,51850.0,0.0,0.814,0.528,0.362,yes,77.78,98.49,99.08,0.02,73.82,A
2025-07-19T09:21:11_Uni.jpg,2025-07-19T09:21:11,Uni,28.23,51.03,51850.0,0.0,0.706,0.429,0.378,yes,77.54,98.03,99.08,0.02,73.67,A
2025-07-19T09:21:35_Uni.jpg,2025-07-19T09:21:35,Uni,28.12,50.77,51850.0,51.22,0.981,0.096,0.089,no,78.85,97.88,99.08,99.91,93.95,A
2025-07-19T09:22:01_Uni.jpg,2025-07-19T09:22:01,Uni,28.05,51.55,51850.0,49.76,0.417,0.888,0.714,no,79.66,98.31,99.08,99.85,94.22,A
2025-07-19T09:23:09_Uni.jpg,2025-07-19T09:23:09,Uni,28.42,51.43,51850.0,0.0,0.443,0.567,0.475,yes,75.14,98.25,99.08,0.02,73.12,A
2025-07-19T09:23:28_Uni.jpg,2025-07-19T09:23:28,Uni,28.34,49.44,51850.0,0.0,0.736,0.382,0.271,yes,76.17,96.87,99.08,0.02,73.1,A
2025-07-19T09:23:53_Uni.jpg,2025-07-19T09:23:53,Uni,28.44,50.2,51850.0,0.0,0.659,0.367,0.333,yes,74.88,97.49,99.08,0.02,72.9,A
2025-07-19T09:24:43_Uni.jpg,2025-07-19T09:24:43,Uni,28.01,50.94,51850.0,17.4,0.742,0.378,0.304,yes,80.11,97.98,99.08,3.99,75.1,A
2025-07-19T09:25:10_Uni.jpg,2025-07-19T09:25:10,Uni,27.91,51.12,51850.0,43.99,0.623,0.474,0.403,no,81.2,98.08,99.08,99.18,94.43,A
2025-07-19T09:25:35_Uni.jpg,2025-07-19T09:25:35,Uni,27.95,51.54,53802.0,46.53,0.701,0.33,0.301,no,80.77,98.31,98.93,99.62,94.4,A
2025-07-19T09:26:25_Uni.jpg,2025-07-19T09:26:25,Uni,27.82,50.55,53802.0,0.0,0.564,0.317,0.306,yes,82.14,97.74,98.93,0.02,74.71,A
2025-07-19T09:26:51_Uni.jpg,2025-07-19T09:26:51,Uni,27.84,51.78,53802.0,0.0,0.798,0.328,0.292,yes,81.94,98.42,98.93,0.02,74.8,A
2025-07-19T09:32:29_Uni.jpg,2025-07-19T09:32:29,Uni,27.56,54.87,53802.0,0.0,0.934,0.429,0.204,yes,84.66,99.37,98.93,0.02,75.67,A
2025-07-19T09:33:00_Uni.jpg,2025-07-19T09:33:00,Uni,27.69,51.75,53802.0,50.05,0.595,0.363,0.361,no,83.44,98.41,98.93,99.87,95.14,A
2025-07-19T09:33:23_Uni.jpg,2025-07-19T09:33:23,Uni,27.75,51.43,53802.0,54.84,0.8,0.557,0.445,no,82.85,98.25,98.93,99.97,94.98,A
2025-07-19T09:33:46_Uni.jpg,2025-07-19T09:33:46,Uni,27.62,51.38,53802.0,47.02,0.843,0.457,0.264,no,84.1,98.23,98.93,99.67,95.23,A
2025-07-19T09:34:24_Uni.jpg,2025-07-19T09:34:24,Uni,27.66,53.39,53802.0,6.26,0.712,0.306,0.239,yes,83.73,99.02,98.93,0.15,75.39,A
2025-07-19T09:34:47_Uni.jpg,2025-07-19T09:34:47,Uni,27.67,52.08,53802.0,9.58,0.476,0.602,0.59,yes,83.63,98.56,98.93,0.4,75.32,A
2025-07-19T09:35:20_Uni.jpg,2025-07-19T09:35:20,Uni,27.74,51.61,53802.0,53.18,0.672,0.407,0.382,no,82.95,98.34,98.93,99.95,95.02,A
2025-07-19T09:35:42_Uni.jpg,2025-07-19T09:35:42,Uni,27.73,51.86,34282.0,51.22,0.671,0.36,0.285,no,83.05,98.46,99.77,99.91,95.36,A
2025-07-19T09:52:22_Uni.jpg,2025-07-19T09:52:22,Uni,29.15,48.86,39284.0,26.1,0.101,0.838,0.791,no,64.45,96.3,99.66,36.12,77.48,A
2025-07-19T09:52:50_Uni.jpg,2025-07-19T09:52:50,Uni,28.88,49.54,39284.0,40.47,0.212,0.792,0.76,no,68.65,96.96,99.66,97.68,90.97,A
2025-07-19T09:53:18_Uni.jpg,2025-07-19T09:53:18,Uni,28.67,49.54,39284.0,38.91,0.431,0.64,0.584,no,71.73,96.96,99.66,96.35,91.48,A
2025-07-19T09:54:00_Uni.jpg,2025-07-19T09:54:00,Uni,28.31,49.49,39284.0,41.94,0.733,0.512,0.463,no,76.55,96.91,99.66,98.5,93.1,A
2025-07-19T09:54:26_Uni.jpg,2025-07-19T09:54:26,Uni,28.61,48.89,39284.0,34.21,0.561,0.551,0.518,no,72.57,96.33,99.66,86.56,89.6,A
2025-07-19T09:54:51_Uni.jpg,2025-07-19T09:54:51,Uni,28.57,48.39,39284.0,61.78,0.574,0.69,0.673,no,73.13,95.76,99.66,100.0,92.32,A
2025-07-19T09:55:32_Uni.jpg,2025-07-19T09:55:32,Uni,28.46,51.09,53070.0,5.38,0.343,0.788,0.682,no,74.61,98.07,98.99,0.11,72.94,A
2025-07-19T09:58:52_Uni.jpg,2025-07-19T09:58:52,Uni,29.2,48.46,53070.0,29.42,0.359,0.714,0.65,no,63.65,95.84,98.99,60.49,81.82,A
2025-07-19T09:59:12_Uni.jpg,2025-07-19T09:59:12,Uni,29.12,48.56,53070.0,32.94,0.54,0.253,0.233,no,64.93,95.96,98.99,81.49,86.37,A
2025-07-19T09:59:37_Uni.jpg,2025-07-19T09:59:37,Uni,28.84,48.73,53070.0,56.6,0.914,0.13,0.119,no,69.25,96.15,98.99,99.98,91.18,A
2025-07-19T10:00:23_Uni.jpg,2025-07-19T10:00:23,Uni,28.41,51.21,53070.0,53.27,0.971,0.107,0.105,no,75.27,98.13,98.99,99.95,93.08,A
2025-07-19T10:00:44_Uni.jpg,2025-07-19T10:00:44,Uni,28.41,51.05,53070.0,51.12,0.873,0.266,0.256,no,75.27,98.04,98.99,99.9,93.05,A
2025-07-19T10:04:08_Uni.jpg,2025-07-19T10:04:08,Uni,27.49,55.33,53070.0,49.36,0.725,0.573,0.484,no,85.28,99.45,98.99,99.84,95.82,A
2025-07-19T10:04:38_Uni.jpg,2025-07-19T10:04:38,Uni,27.86,53.48,53070.0,51.61,0.778,0.493,0.25,no,81.73,99.05,98.99,99.92,94.87,A
2025-07-19T10:05:21_Uni.jpg,2025-07-19T10:05:21,Uni,28.67,54.26,53070.0,41.64,0.793,0.419,0.349,no,71.73,99.24,98.99,98.36,92.1,A
2025-07-19T10:05:46_Uni.jpg,2025-07-19T10:05:46,Uni,28.95,52.79,68686.0,34.12,0.63,0.312,0.276,no,67.59,98.83,96.6,86.25,87.72,A
2025-07-19T10:06:09_Uni.jpg,2025-07-19T10:06:09,Uni,29.15,52.58,68686.0,41.45,0.425,0.5,0.432,no,64.45,98.76,96.6,98.26,89.33,A
2025-07-19T10:06:39_Uni.jpg,2025-07-19T10:06:39,Uni,29.2,51.63,68686.0,37.73,0.743,0.462,0.409,no,63.65,98.35,96.6,94.88,88.37,A
2025-07-19T10:07:09_Uni.jpg,2025-07-19T10:07:09,Uni,29.3,51.17,68686.0,42.91,0.823,0.283,0.239,no,62.01,98.11,96.6,98.87,88.71,A
2025-07-19T10:07:43_Uni.jpg,2025-07-19T10:07:43,Uni,29.15,50.79,68686.0,47.8,0.618,0.59,0.505,no,64.45,97.89,96.6,99.74,89.45,A
2025-07-19T10:08:20_Uni.jpg,2025-07-19T10:08:20,Uni,29.41,53.28,68686.0,36.17,0.196,0.766,0.687,no,60.18,98.99,96.6,92.06,87.06,A
2025-07-19T10:08:44_Uni.jpg,2025-07-19T10:08:44,Uni,29.34,53.51,68686.0,38.32,0.925,0.086,0.053,no,61.35,99.06,96.6,95.67,88.09,A
2025-07-19T10:09:09_Uni.jpg,2025-07-19T10:09:09,Uni,29.31,53.56,68686.0,46.63,0.516,0.702,0.598,no,61.85,99.07,96.6,99.63,89.01,A
2025-07-19T10:09:52_Uni.jpg,2025-07-19T10:09:52,Uni,29.06,52.06,68686.0,36.85,0.622,0.515,0.339,no,65.88,98.55,96.6,93.43,88.68,A
2025-07-19T10:10:17_Uni.jpg,2025-07-19T10:10:17,Uni,29.13,52.13,68686.0,53.67,0.979,0.086,0.085,no,64.77,98.58,96.6,99.95,89.71,A
2025-07-19T10:10:39_Uni.jpg,2025-07-19T10:10:39,Uni,29.18,51.28,68686.0,51.12,0.457,0.914,0.763,no,63.97,98.17,96.6,99.9,89.42,A
2025-07-19T10:11:14_Uni.jpg,2025-07-19T10:11:14,Uni,29.6,53.21,68686.0,29.03,0.868,0.212,0.189,none,56.95,98.97,96.6,57.66,79.37,A
2025-07-19T10:11:35_Uni.jpg,2025-07-19T10:11:35,Uni,29.75,50.4,68686.0,41.94,0.516,0.449,0.37,no,54.36,97.63,96.6,98.5,86.63,A
2025-07-19T10:12:04_Uni.jpg,2025-07-19T10:12:04,Uni,29.75,51.52,68686.0,42.13,0.575,0.514,0.424,no,54.36,98.3,96.6,98.58,86.78,A
2025-07-19T10:12:26_Uni.jpg,2025-07-19T10:12:26,Uni,29.66,51.14,68686.0,45.55,0.847,0.121,0.099,no,55.92,98.1,96.6,99.49,87.31,A
2025-07-19T10:12:47_Uni.jpg,2025-07-19T10:12:47,Uni,29.57,51.26,68686.0,50.83,0.923,0.144,0.136,no,57.47,98.16,96.6,99.89,87.79,A
2025-07-19T10:13:07_Uni.jpg,2025-07-19T10:13:07,Uni,29.59,50.25,68686.0,51.71,0.626,0.427,0.413,no,57.13,97.53,96.6,99.92,87.58,A
2025-07-19T10:13:41_Uni.jpg,2025-07-19T10:13:41,Uni,29.78,52.01,68686.0,35.09,0.879,0.245,0.188,no,53.84,98.53,96.6,89.35,84.85,A
2025-07-19T10:14:02_Uni.jpg,2025-07-19T10:14:02,Uni,29.66,51.95,68686.0,28.45,0.889,0.155,0.12,no,55.92,98.5,96.6,53.37,78.16,A
2025-07-19T10:14:47_Uni.jpg,2025-07-19T10:14:47,Uni,29.36,50.54,68686.0,38.61,0.745,0.377,0.337,no,61.02,97.73,96.6,96.02,87.82,A
2025-07-19T10:15:10_Uni.jpg,2025-07-19T10:15:10,Uni,29.32,49.66,68686.0,55.23,0.536,0.669,0.639,no,61.68,97.06,96.6,99.97,88.64,A
2025-07-19T10:15:32_Uni.jpg,2025-07-19T10:15:32,Uni,29.32,50.26,65392.0,62.17,0.726,0.55,0.539,no,61.68,97.53,97.36,100.0,89.0,A
2025-07-19T10:20:26_Uni.jpg,2025-07-19T10:20:26,Uni,28.46,54.14,65392.0,46.63,0.941,0.359,0.142,no,74.61,99.22,97.36,99.63,92.5,A
2025-07-19T10:21:02_Uni.jpg,2025-07-19T10:21:02,Uni,29.19,53.24,65392.0,28.45,0.829,0.213,0.209,no,63.81,98.98,97.36,53.37,80.5,A
2025-07-19T10:21:24_Uni.jpg,2025-07-19T10:21:24,Uni,29.46,49.96,65392.0,43.7,0.488,0.486,0.481,no,59.34,97.31,97.36,99.11,88.2,A
2025-07-19T10:21:50_Uni.jpg,2025-07-19T10:21:50,Uni,29.48,49.61,65392.0,59.92,0.782,0.396,0.224,no,59.0,97.02,97.36,99.99,88.23,A
2025-07-19T10:22:13_Uni.jpg,2025-07-19T10:22:13,Uni,29.55,49.01,65392.0,56.7,0.834,0.295,0.286,no,57.81,96.45,97.36,99.98,87.81,A
